,roll_3day_Q7_STRESS,prev_day_Q7_STRESS,roll_7day_Q7_STRESS,is_weekend,prev_day_relax_10
correlation,0.4191483639124028,0.26608573988449324,0.25973720932882965,-0.1381186409315524,-0.130986204626832
mean_high_stress,2.5551605182150268,2.4401206235969157,2.372382362790515,0.20238095238095238,4.0000646997929605
mean_low_stress,1.552588816972388,1.616826903299828,1.6562654082077617,0.33377956269522535,4.346260962528086
std_high_stress,0.9115512690230546,1.1037437890809023,0.8611140576061738,0.4019342205723254,1.0235101751659463
std_low_stress,0.6962754243571961,0.8661223129818135,0.7237547421920147,0.47166729681598824,0.9554474420815274
