,stress_normalized,stress_high,Q7_STRESS,roll_3day_Q7_STRESS
correlation,1.0,0.749818490881935,0.6545632523438707,0.4191483639124028
mean_high_stress,0.9985519655191306,1.0,2.8706215631810865,2.5551605182150268
mean_low_stress,-0.561434840050917,0.0,1.3748665668057565,1.552588816972388
std_high_stress,0.9530776056311691,0.0,0.9621538948613769,0.9115512690230546
std_low_stress,0.4143850285567524,0.0,0.592165177969069,0.6962754243571961
