is_weekend,stress_normalized
False,0.08739476417661753
True,-0.2176591434827426
