is_weekend,watch_stress_normalized
False,0.025764383688609147
True,-0.06416692966515403
