month,watch_stress_normalized
1,-0.08027801401895146
2,-0.042787052581659366
3,-0.0348600983455317
4,0.08108622166339509
5,0.0902949774303636
6,0.02420094207283267
7,-0.07896468741371718
8,0.02705866003574103
9,0.05008628139551356
10,-0.018744767803258677
11,0.05926644841240288
12,-0.07994352132404023
