month,stress_normalized
1,-0.11694443335903984
2,0.06355256591277597
3,-0.10677247730665307
4,0.06445363031445155
5,-0.016364394910463938
6,-0.01709297142745388
7,-0.15888138666559226
8,0.05446176905693936
9,-0.03698122963522968
10,0.15331209676381424
11,0.13571189801340344
12,-0.020402230107710907
